sku,family,M,N,K,dtype,median_s,iqr_s,n_iters
v5e,random,136,752,192,bf16,0.00010802500001716453,2.48750000508835e-06,20
v5e,random,136,752,192,int8,0.00010774000000424167,5.092499989700627e-06,20
v5e,random,144,288,9312,bf16,0.0001260549999955174,1.6875000170557541e-06,20
v5e,random,144,288,9312,int8,0.0001242649999966261,5.055750001758952e-06,20
v5e,random,144,6624,10736,bf16,0.0003179950000031795,3.724750015976497e-06,20
v5e,random,152,4200,144,bf16,0.00012495999997952367,4.184999987444371e-06,20
v5e,random,160,4464,2528,bf16,0.00014080549999562209,2.9675000163820187e-06,20
v5e,random,160,4464,2528,int8,0.000129395000001864,2.942499996549941e-06,20
v5e,random,176,816,1032,bf16,0.0001231894999875749,1.6599999881350413e-06,20
v5e,random,176,816,1032,int8,0.00012216000000364602,3.642500004730209e-06,20
v5e,random,176,7592,176,bf16,0.0001284699999928307,3.4599999878537346e-06,20
v5e,random,184,184,8672,bf16,0.0001263599999674625,3.919999983281741e-06,20
v5e,random,184,424,2080,bf16,0.00012422000000356093,1.7255000130944609e-06,20
v5e,random,184,1296,1024,bf16,0.00012564499999712098,2.432499982774061e-06,20
v5e,random,184,1448,4736,bf16,0.00013794550000056915,3.81249999747979e-06,20
v5e,random,184,1856,328,bf16,0.0001272399999834306,2.388250024409899e-06,20
v5e,random,184,5456,6888,bf16,0.00019998500002316177,2.841750031734591e-06,20
v5e,random,192,7280,5832,bf16,0.00021374000002083449,2.8549999910865154e-06,20
v5e,random,200,2128,336,bf16,0.00012443500000358654,1.3420000016139966e-05,20
v5e,random,208,136,616,bf16,0.00012443500000358654,2.989999984492897e-06,20
v5e,random,208,136,616,int8,0.00012464000002410103,2.2725000263790207e-06,20
v5e,random,216,1152,872,bf16,0.00012668999997345054,3.2024999825353007e-06,20
v5e,random,216,2712,11512,bf16,0.00019910500003561538,3.0700000053229815e-06,20
v5e,random,216,2712,11512,int8,0.00016717500000140717,3.967500006751834e-06,20
v5e,random,224,928,128,bf16,0.0001276250000046275,2.7925000125605948e-06,20
v5e,random,224,928,128,int8,0.00012940499999558597,3.575000022237873e-06,20
v5e,random,240,3320,2960,bf16,0.00015485000002968263,3.609999993159363e-06,20
v5e,random,240,4344,504,bf16,0.00013403500000208624,2.7849999639784073e-06,20
v5e,random,240,4344,504,int8,0.0001336650000212103,3.9100000037706195e-06,20
v5e,random,248,584,4128,bf16,0.0001346249999869542,3.2375000103002094e-06,20
v5e,random,264,14352,9608,bf16,0.0005611950000172783,3.068250009619078e-06,20
v5e,random,264,14352,9608,int8,0.00036955499999180574,4.217499949277226e-06,20
v5e,random,272,2240,3752,bf16,0.0001465400000029149,3.80724998194637e-06,20
v5e,random,296,2112,1728,bf16,0.00013375000000337423,2.115000015123769e-06,20
v5e,random,296,2208,13392,bf16,0.0002211299999999028,4.263250019675979e-06,20
v5e,random,304,848,176,bf16,0.0001223799999934272,2.4750000164885932e-06,20
v5e,random,304,848,176,int8,0.00012515000003077148,8.187750040633546e-06,20
v5e,random,304,8440,1776,bf16,0.00017292000003976682,4.667500007826675e-06,20
v5e,random,312,13696,6240,bf16,0.0004433100000085233,4.112500008091047e-06,20
v5e,random,320,3344,336,bf16,0.0001270900000065467,2.574999996340921e-06,20
v5e,random,328,8432,1984,bf16,0.00018170499998859668,4.020000005766633e-06,20
v5e,random,328,8432,1984,int8,0.00015320500003213056,4.4724999810341615e-06,20
v5e,random,328,12552,288,bf16,0.00015376499999320004,6.250000012641976e-06,20
v5e,random,336,2808,5888,bf16,0.00019119999998906678,2.132500043217078e-06,20
v5e,random,336,14296,3328,bf16,0.00029311000000120657,2.482499994016507e-06,20
v5e,random,344,12376,752,bf16,0.00016002999998931955,5.395000002295092e-06,20
v5e,random,392,3736,3744,bf16,0.0001856100000168226,2.9424999894445136e-06,20
v5e,random,400,4848,2912,bf16,0.00018584499997587045,3.5267500209101854e-06,20
v5e,random,400,4848,2912,int8,0.00015289999996070947,4.077499980326138e-06,20
v5e,random,408,9000,176,bf16,0.00014540500001203327,3.0300000020133666e-06,20
v5e,random,408,9000,176,int8,0.00014786049999315765,4.254999993236197e-06,20
v5e,random,448,184,144,bf16,0.00012542050001229654,2.2450000045637353e-06,20
v5e,random,448,184,144,int8,0.00012123500002303444,2.2802500012630844e-06,20
v5e,random,520,2200,1888,bf16,0.00014472500001261324,2.4635000102080085e-06,20
v5e,random,552,1000,152,bf16,0.00012186549997750262,2.070000050480303e-06,20
v5e,random,552,1000,152,int8,0.00012108499998930711,2.2149999665543874e-06,20
v5e,random,576,480,8440,bf16,0.00014516000001663087,2.3004999718523322e-06,20
v5e,random,576,480,8440,int8,0.00013137950000441379,5.344749993696496e-06,20
v5e,random,616,6112,384,bf16,0.0001412349999725393,2.2535000141488126e-06,20
v5e,random,656,272,1144,bf16,0.00012017500000638393,6.190000007677554e-06,20
v5e,random,656,272,1144,int8,0.00011880499999961103,5.685749997041967e-06,20
v5e,random,680,1032,13896,bf16,0.00023528999997779465,3.0124999312874934e-06,20
v5e,random,704,296,856,bf16,0.00011958499999309424,3.951000039137398e-06,20
v5e,random,704,296,856,int8,0.00011799499998232932,3.5399999802621096e-06,20
v5e,random,728,2056,616,bf16,0.00012902000000281078,2.152249990672317e-06,20
v5e,random,728,2056,616,int8,0.0001277654999967126,3.0222500413401576e-06,20
v5e,random,744,976,1776,bf16,0.00013202950003687874,4.2782500031535164e-06,20
v5e,random,744,976,1776,int8,0.0001244899999903737,2.1032499972761798e-06,20
v5e,random,768,2096,1976,bf16,0.0001530099999911272,2.2999999913508873e-06,20
v5e,random,872,10600,1952,bf16,0.00032419449999565586,2.7740000234643958e-06,20
v5e,random,872,15768,11320,bf16,0.0018036600000073122,2.4985000237620625e-06,20
v5e,random,872,15768,11320,int8,0.0009699249999925996,3.4600000446971535e-06,20
v5e,random,880,344,12128,bf16,0.00015841000004002126,2.2150000518195156e-06,20
v5e,random,880,344,12128,int8,0.00013976500002854664,4.167499980667344e-06,20
v5e,random,888,536,496,bf16,0.00012014499998258543,3.4775001154230267e-06,20
v5e,random,912,336,200,bf16,0.00012012000001959677,1.6374999063373252e-06,20
v5e,random,920,10584,160,bf16,0.00017352499997969062,2.6000000161729986e-06,20
v5e,random,952,6784,2680,bf16,0.00030910500004210917,2.794249979842789e-06,20
v5e,random,960,4520,4040,bf16,0.00030775999999832493,2.7825000756820373e-06,20
v5e,random,1000,2208,232,bf16,0.0001307509999719514,1.599499938720328e-06,20
v5e,random,1000,2208,232,int8,0.00012933000004977657,2.5250000135201844e-06,20
v5e,random,1000,9048,200,bf16,0.00017053000004807473,3.1925000314458885e-06,20
v5e,random,1000,9048,200,int8,0.00016807499997639752,3.827249912546904e-06,20
v5e,random,1008,2600,16000,bf16,0.0005702199999859658,1.6245001006609527e-06,20
v5e,random,1088,13144,1448,bf16,0.0003600144999609256,1.202500044428234e-06,20
v5e,random,1200,1504,5904,bf16,0.000248140000053354,2.874999978530468e-06,20
v5e,random,1232,6976,3480,bf16,0.00045342449999452583,3.820000046061978e-06,20
v5e,random,1232,6976,3480,int8,0.00030147500001476146,2.9775000029985677e-06,20
v5e,random,1288,448,280,bf16,0.00012868999993997932,3.929999934371153e-06,20
v5e,random,1328,6632,2392,bf16,0.00035736000000952117,4.193250020989581e-06,20
v5e,random,1328,6632,2392,int8,0.0002429399999641646,3.0899999785560794e-06,20
v5e,random,1344,10032,200,bf16,0.00020461500002966204,3.922500070530077e-06,20
v5e,random,1352,9584,11896,bf16,0.001801679500033515,3.48750000966902e-06,20
v5e,random,1376,14616,5520,bf16,0.0013197449999893252,2.094999956625543e-06,20
v5e,random,1376,14616,5520,int8,0.000821589999986827,1.895000025342597e-06,20
v5e,random,1432,1672,5800,bf16,0.00029018500003985537,5.7975000515853026e-06,20
v5e,random,1432,1672,5800,int8,0.00020639499996377708,2.5774999699024193e-06,20
v5e,random,1496,6696,368,bf16,0.00018551950000755824,3.452500095590949e-06,20
v5e,random,1496,6696,368,int8,0.00018161999997801104,2.837499977204061e-06,20
v5e,random,1600,1016,160,bf16,0.00014230549999183495,3.0617500215157634e-06,20
v5e,random,1600,1016,160,int8,0.00013241450000123223,1.2022500186503748e-06,20
v5e,random,1600,1216,520,bf16,0.00014722399998845503,3.62175012469379e-06,20
v5e,random,1624,200,15016,bf16,0.00017788449997624411,3.2517500869744254e-06,20
v5e,random,1664,384,5568,bf16,0.00016238950001934427,2.7757500618008635e-06,20
v5e,random,1688,7584,1360,bf16,0.0003203799999482726,3.4675000222250674e-06,20
v5e,random,1696,6624,16152,bf16,0.0020654994999631526,1.941750014111676e-06,20
v5e,random,1696,6624,16152,int8,0.0011118445000306565,3.0947499567446357e-06,20
v5e,random,1752,1096,11728,bf16,0.000382054999988668,8.485000023483735e-06,20
v5e,random,1920,136,4072,bf16,0.0001349000000345768,3.762500000448199e-06,20
v5e,random,1920,136,4072,int8,0.00012933999994402257,1.3897500252824102e-06,20
v5e,random,1960,456,416,bf16,0.00013098499994157464,2.6124999692456186e-06,20
v5e,random,2040,208,856,bf16,0.0001323749999642132,6.522499916172819e-06,20
v5e,random,2040,208,856,int8,0.00012851449997697273,4.503250011111959e-06,20
v5e,random,2048,136,5440,bf16,0.00014076450003130958,2.7952499976890977e-06,20
v5e,random,2048,136,5440,int8,0.0001332100000581704,2.5024999956713145e-06,20
v5e,random,2112,2384,13656,bf16,0.0008953794999797537,2.8027499183735927e-06,20
v5e,random,2112,2384,13656,int8,0.0005015600000319864,4.6174999681625195e-06,20
v5e,random,2120,328,1648,bf16,0.00013632000002417044,2.3549999639271846e-06,20
v5e,random,2136,328,14552,bf16,0.00024467500003311216,2.4465000478812726e-06,20
v5e,random,2144,552,3336,bf16,0.00016887999998971281,3.1525000281362736e-06,20
v5e,random,2144,552,3336,int8,0.00015271449990450492,5.158500073321193e-06,20
v5e,random,2288,664,856,bf16,0.00013790499997412553,3.474999914487853e-06,20
v5e,random,2288,7848,264,bf16,0.00024229500002093118,4.239999952915241e-06,20
v5e,random,2432,328,232,bf16,0.00012905999994927697,1.6574999222029874e-06,20
v5e,random,2432,328,232,int8,0.00012781049997556693,2.2697501549373555e-06,20
v5e,random,2432,4416,1792,bf16,0.0003392295000139711,3.382499869530875e-06,20
v5e,random,2432,4416,1792,int8,0.00023222000004352594,3.860000106215011e-06,20
v5e,random,2536,824,16168,bf16,0.0005034795000256054,2.544500034673547e-06,20
v5e,random,2536,824,16168,int8,0.00035270450007374166,1.91350005707136e-06,20
v5e,random,2656,960,2520,bf16,0.00019775999999183114,1.7849998243946175e-06,20
v5e,random,2776,1424,288,bf16,0.00015168450011060486,1.2450000781427661e-06,20
v5e,random,2816,480,160,bf16,0.00013178999995488994,2.9300001074261672e-06,20
v5e,random,3040,488,3872,bf16,0.0001900050000358533,2.3874999897088856e-06,20
v5e,random,3040,488,3872,int8,0.00016425499995875725,2.4900000994421134e-06,20
v5e,random,3080,10784,176,bf16,0.0003104300000131843,2.184999857490766e-06,20
v5e,random,3080,10784,176,int8,0.00030970499994964484,2.2425001588999294e-06,20
v5e,random,3304,4104,288,bf16,0.00021362500001487206,3.4774998312059324e-06,20
v5e,random,3336,5128,224,bf16,0.00022725550002178352,2.827249829806533e-06,20
v5e,random,3336,5128,224,int8,0.00022808500000337517,2.7142500016452686e-06,20
v5e,random,3368,600,4032,bf16,0.00021418550011276238,4.074750052041054e-06,20
v5e,random,3384,744,640,bf16,0.00014635050001743366,3.607499991176155e-06,20
v5e,random,3384,744,640,int8,0.00014247499996145052,4.0467500070917595e-06,20
v5e,random,3616,848,248,bf16,0.00014318549995095964,2.077499971164798e-06,20
v5e,random,3712,2192,4488,bf16,0.0005288594999228735,2.177749877319002e-06,20
v5e,random,3752,632,304,bf16,0.00014058499994007434,2.7494997993926518e-06,20
v5e,random,3856,536,5312,bf16,0.0002530355000089912,5.197499888254242e-06,20
v5e,random,3896,6880,15008,bf16,0.00452992999998969,7.350750081513979e-06,20
v5e,random,3984,5896,6184,bf16,0.001750915000002351,3.480000032141106e-06,20
v5e,random,4040,2024,7048,bf16,0.000760170000035032,3.4375000836917025e-06,20
v5e,random,4048,7696,3432,bf16,0.0012994799999432871,3.689249922445015e-06,20
v5e,random,4048,7696,3432,int8,0.0007037449998961165,2.0400000835252285e-06,20
v5e,random,4144,14912,2080,bf16,0.001587279999966995,2.9452502303684014e-06,20
v5e,random,4144,14912,2080,int8,0.0008711849999372134,2.777499901185365e-06,20
v5e,random,4152,2944,2488,bf16,0.0004749649999666872,8.299499882014061e-06,20
v5e,random,4248,1640,576,bf16,0.0001797700000452096,3.234500070448121e-06,20
v5e,random,4336,192,712,bf16,0.00013680500001100881,7.052249884509365e-06,20
v5e,random,4336,192,712,int8,0.000127650000081303,3.7924998537164356e-06,20
v5e,random,4336,200,872,bf16,0.000132795000013175,2.955000127258245e-06,20
v5e,random,4336,200,872,int8,0.00013019499999700201,2.36249985618997e-06,20
v5e,random,4744,7992,256,bf16,0.00034299500009637995,1.654999948641489e-06,20
v5e,random,4744,7992,256,int8,0.00033981499996116327,2.9549999567279883e-06,20
v5e,random,4832,200,1016,bf16,0.00013761900004283234,7.873250069678761e-06,20
v5e,random,4832,200,1016,int8,0.00013115449996803363,2.2322500399241108e-06,20
v5e,random,4944,1080,2224,bf16,0.0002574344999857203,2.6449999381839007e-06,20
v5e,random,4944,1080,2224,int8,0.00019862000010562042,4.633249943708506e-06,20
v5e,random,5064,1544,11616,bf16,0.0011007744999460556,1.844250050453411e-06,20
v5e,random,5064,1544,11616,int8,0.0006254250000665706,8.757499983857997e-06,20
v5e,random,5264,10864,240,bf16,0.0004540944999007479,3.5867500400854624e-06,20
v5e,random,5264,10864,240,int8,0.00047079000012217875,1.6172499499589321e-06,20
v5e,random,5896,1912,376,bf16,0.0002009149999366855,4.7049999807313725e-06,20
v5e,random,5896,1912,376,int8,0.0001979204999997819,4.950000118242315e-06,20
v5e,random,6104,392,168,bf16,0.00014093049992425222,5.9782498738059076e-06,20
v5e,random,6104,392,168,int8,0.0001409350001040366,3.0500000320898835e-06,20
v5e,random,6272,11312,472,bf16,0.0006003644999736935,2.4007500201150833e-06,20
v5e,random,6464,1376,15512,bf16,0.0016534245000912051,3.0149997769512993e-06,20
v5e,random,6464,1376,15512,int8,0.0008909750000611893,3.832499828604341e-06,20
v5e,random,6512,1944,520,bf16,0.0002173099999254191,1.4325000847748015e-06,20
v5e,random,6512,1944,520,int8,0.00022288000002390618,1.8999999724655936e-06,20
v5e,random,6904,2192,1296,bf16,0.00036498500003290246,4.560000149922416e-06,20
v5e,random,6920,1320,400,bf16,0.00018421499999021762,2.7149998231834616e-06,20
v5e,random,6936,960,7176,bf16,0.00064799500000845,2.994749934259744e-06,20
v5e,random,6936,960,7176,int8,0.0004073149999612724,2.2250000597523467e-06,20
v5e,random,7360,816,624,bf16,0.00017110950000187586,4.382249869649968e-06,20
v5e,random,7432,5056,3664,bf16,0.0016003000000637257,2.191000135098875e-06,20
v5e,random,7432,5056,3664,int8,0.0008988800000224728,4.319750075865159e-06,20
v5e,random,7680,1008,14848,bf16,0.0013397444998872743,3.4450000612196163e-06,20
v5e,random,7680,1008,14848,int8,0.0008129150000968366,9.96474989278795e-06,20
v5e,random,7992,6912,856,bf16,0.000664045000007718,3.927500074496493e-06,20
v5e,random,7992,6912,856,int8,0.00046685550012171007,1.0097499909988983e-05,20
v5e,random,8208,152,4416,bf16,0.00018608499999572814,8.219999983793969e-06,20
v5e,random,8208,152,4416,int8,0.00016255000002729503,3.079999999044958e-06,20
v5e,random,8336,424,256,bf16,0.0001474999999118154,2.980000033403485e-06,20
v5e,random,8336,424,256,int8,0.00014813500001764623,2.8850000148850086e-06,20
v5e,random,8456,14960,13312,bf16,0.018485418499949446,7.77599984758126e-06,20
v5e,random,8456,14960,13312,int8,0.00902526449999641,2.705000042624306e-06,20
v5e,random,8872,1272,10728,bf16,0.0014164694999863059,3.980749966103758e-06,20
v5e,random,9024,9832,168,bf16,0.0006417950000923156,3.105000132563873e-06,20
v5e,random,9024,9832,168,int8,0.0006740794999586797,3.1499998840445187e-06,20
v5e,random,9160,6592,3272,bf16,0.002271239500032607,2.458249923620315e-06,20
v5e,random,9160,6592,3272,int8,0.0023428445000490683,2.918999996381899e-06,20
v5e,random,9216,1528,680,bf16,0.0002464050000980933,3.2900001656344102e-06,20
v5e,random,9520,384,240,bf16,0.00014832999988811935,2.522500096802105e-06,20
v5e,random,9520,384,240,int8,0.00015158500002598885,3.897499993854581e-06,20
v5e,random,9544,2744,728,bf16,0.00036041999987901363,4.2250002820765076e-06,20
v5e,random,9624,392,2632,bf16,0.00024053999993611797,2.845000039997103e-06,20
v5e,random,9624,392,2632,int8,0.00019367499987765768,3.4699999673648563e-06,20
v5e,random,9936,2176,160,bf16,0.00025965500003621855,2.5925001523319224e-06,20
v5e,random,10144,672,408,bf16,0.00016921999997521198,2.065000160200725e-06,20
v5e,random,10744,6936,312,bf16,0.0005640800000037416,4.009999884146964e-06,20
v5e,random,10792,1296,8464,bf16,0.0014421349999338418,8.37575004197788e-06,20
v5e,random,10792,1296,8464,int8,0.0007857594999904904,6.189249916133122e-06,20
v5e,random,11520,14024,144,bf16,0.0010934250000218526,6.0199999438736995e-06,20
v5e,random,11520,14024,144,int8,0.0010245850000956125,3.81750004407877e-06,20
v5e,random,11784,224,4400,bf16,0.00024411999993390054,2.0699998231066274e-06,20
v5e,random,11784,224,4400,int8,0.00018253999996886705,4.042499881506956e-06,20
v5e,random,11888,3544,6968,bf16,0.0032533994999539573,3.63999981800589e-06,20
v5e,random,11960,6704,136,bf16,0.0005720599999676779,3.1675003810960334e-06,20
v5e,random,12048,840,288,bf16,0.00017635999984122464,1.94999995528633e-06,20
v5e,random,12048,840,288,int8,0.00017583500016371545,3.032500217159395e-06,20
v5e,random,12472,336,1536,bf16,0.00018633500008036208,2.987499897244561e-06,20
v5e,random,12472,336,1536,int8,0.00015321500018217193,3.897499823324324e-06,20
v5e,random,12480,240,8504,bf16,0.00043337950000932324,3.1899996884021675e-06,20
v5e,random,12480,240,8504,int8,0.0002681544997358287,2.312500100742909e-06,20
v5e,random,12792,1192,5064,bf16,0.0009358700001484976,4.72174986043683e-06,20
v5e,random,12792,1192,5064,int8,0.0005691899998510053,2.9100000347170862e-06,20
v5e,random,13392,11432,4832,bf16,0.008037704500111431,7.2932502916955855e-06,20
v5e,random,13392,11432,4832,int8,0.004256989499936026,2.136999796675809e-06,20
v5e,random,13440,768,1872,bf16,0.0003261249999013671,2.577500026745838e-06,20
v5e,random,13440,768,1872,int8,0.00023415500004375644,2.55499992363184e-06,20
v5e,random,14448,1480,4960,bf16,0.0012418950000210316,2.590750000308617e-06,20
v5e,random,14744,2240,608,bf16,0.00034629499987204326,2.045000201178482e-06,20
v5e,random,14744,2240,608,int8,0.00034458549998817034,1.6175000610019197e-06,20
v5e,random,14936,3568,3008,bf16,0.001875209999980143,2.045000201178482e-06,20
v5e,random,14936,3568,3008,int8,0.0018767545000173413,2.08599999496073e-06,20
v5e,random,15112,7432,5592,bf16,0.006853910000245378,4.188999923826486e-06,20
v5e,random,15112,7432,5592,int8,0.003626724000014292,3.154249839099066e-06,20
v5e,random,15664,464,7208,bf16,0.0006888800000979245,8.053999636103981e-06,20
v5e,random,15664,464,7208,int8,0.00040709999984755996,2.7922495746679488e-06,20
v5e,random,15920,5672,1352,bf16,0.001499720000083471,2.254499804621446e-06,20
v5e,random,15984,592,312,bf16,0.00017304999983025482,3.4049998021146166e-06,20
v5e,ridge_band,352,352,448,bf16,0.00011630449989752378,1.921000489346625e-06,20
v5e,ridge_band,408,408,232,bf16,0.00011765999988710973,3.077499854953203e-06,20
v5e,ridge_band,408,408,792,bf16,0.00011812000002464629,3.7847501062060473e-06,20
v5e,ridge_band,496,496,488,bf16,0.00011804500013568031,2.5650000452515087e-06,20
v5e,ridge_band,552,552,376,bf16,0.00011703500013027224,2.355000333409407e-06,20
v5e,ridge_band,648,648,344,bf16,0.0001195455001834489,2.3067502752383007e-06,20
v5e,ridge_band,664,664,720,bf16,0.0001180599999770493,2.312499759682396e-06,20
v5e,ridge_band,776,776,784,bf16,0.00012240499995641585,3.033250095541007e-06,20
v5e,ridge_band,792,792,304,bf16,0.00012064000020473031,3.6249998629500624e-06,20
v5e,ridge_band,848,848,880,bf16,0.00012382500017338316,1.867500031949021e-06,20
v5e,ridge_band,1000,1000,728,bf16,0.00012717999970845995,2.024999616878631e-06,20
v5e,ridge_band,1024,1024,1968,bf16,0.00013846999991073972,2.2950003994992585e-06,20
v5e,ridge_band,1064,1064,1176,bf16,0.00013332500020624138,1.225000460181036e-06,20
v5e,ridge_band,1296,1296,200,bf16,0.00012915449997308315,2.1652501800417667e-06,20
v5e,ridge_band,1328,1328,256,bf16,0.00012750499990943354,3.2849998206074815e-06,20
v5e,ridge_band,1440,1440,456,bf16,0.00013186999967729207,2.9400000585155794e-06,20
v5e,ridge_band,1576,1576,1728,bf16,0.00016600000003563764,1.8449999288350227e-06,20
v5e,ridge_band,1896,1896,248,bf16,0.00013941000020167849,1.3000000080864993e-06,20
v5e,ridge_band,1960,1960,2600,bf16,0.000231960000064646,3.6939999290552805e-06,20
v5e,ridge_band,1976,1976,3408,bf16,0.0002650649998940935,2.6200001457254984e-06,20
v5e,ridge_band,2048,2048,296,bf16,0.0001452399997106113,2.2549999130205833e-06,20
v5e,ridge_band,2120,2120,472,bf16,0.00014862049988551007,1.7910001588461455e-06,20
v5e,ridge_band,2160,2160,1312,bf16,0.00018894999993790407,4.160000344199943e-06,20
v5e,ridge_band,2256,2256,408,bf16,0.00015444499990735494,3.1625002065993613e-06,20
v5e,ridge_band,2856,2856,336,bf16,0.00017245999993065197,2.820499730660231e-06,20
v5e,ridge_band,2888,2888,520,bf16,0.00018286500016984064,2.737500153671135e-06,20
v5e,ridge_band,3000,3000,488,bf16,0.00018115500006388174,2.2074997332310886e-06,20
v5e,ridge_band,3136,3136,336,bf16,0.00018505499974708073,2.8627503070310922e-06,20
v5e,ridge_band,3288,3288,368,bf16,0.00019016050009668106,3.632999778346857e-06,20
v5e,ridge_band,3488,3488,1008,bf16,0.00025485999981356144,2.9549994451372186e-06,20
v5e,ridge_band,3552,3552,488,bf16,0.00020133899988650228,1.512249809820787e-06,20
v5e,ridge_band,3784,3784,456,bf16,0.00021744999980910507,2.3825001562727266e-06,20
v5e,ridge_band,4096,4096,400,bf16,0.0002283444996464823,2.0549995269902865e-06,20
v5e,ridge_band,4104,4104,784,bf16,0.00028932549980709155,2.1532504206334124e-06,20
v5e,ridge_band,4136,4136,480,bf16,0.00023696999983258138,2.4954997570603155e-06,20
v5e,ridge_band,4464,4464,664,bf16,0.0002844299999651412,1.967499883903656e-06,20
v5e,ridge_band,4592,4592,1120,bf16,0.0003757550000500487,2.5100001721511944e-06,20
v5e,ridge_band,4648,4648,912,bf16,0.0003571150000425405,2.5849997200566577e-06,20
v5e,ridge_band,4744,4744,776,bf16,0.0003446099999564467,1.6750002487242455e-06,20
v5e,ridge_band,4872,4872,976,bf16,0.0003824549999080773,1.404999920850969e-06,20
v5e,skinny,1,4096,4096,bf16,0.0001584499998443789,2.7650003175949678e-06,20
v5e,skinny,1,8192,4096,bf16,0.00020285499999772583,5.37750008788862e-06,20
v5e,skinny,1,11008,4096,bf16,0.0002400509999915812,4.09749975460727e-06,20
v5e,skinny,1,16384,8192,bf16,0.0004699050000454008,2.4225003016908886e-06,20
v5e,skinny,1,16384,16384,bf16,0.0008271650001461239,1.589999897078087e-06,20
v5e,skinny,8,4096,4096,bf16,0.00012409500004650909,1.7324996406387072e-06,20
v5e,skinny,8,8192,4096,bf16,0.0001343100002486608,1.6322500187015976e-06,20
v5e,skinny,8,11008,4096,bf16,0.0001287949999095872,3.4700002515819506e-06,20
v5e,skinny,8,16384,8192,bf16,0.0004703000001882174,2.8699997756120865e-06,20
v5e,skinny,8,16384,16384,bf16,0.0008287144999030716,4.6889999794075266e-06,20
v5e,skinny,16,4096,4096,bf16,0.00011873000016748847,2.6174999447903247e-06,20
v5e,skinny,16,8192,4096,bf16,0.00013019549987802748,2.840000206560944e-06,20
v5e,skinny,16,11008,4096,bf16,0.00012473999981921224,2.60250033079501e-06,20
v5e,skinny,16,16384,8192,bf16,0.00046839499987072486,1.7924998019225313e-06,20
v5e,skinny,16,16384,16384,bf16,0.0008280399999875954,3.224999886697333e-06,20
v5e,skinny,32,4096,4096,bf16,0.00011957499987147457,2.4249999341918738e-06,20
v5e,skinny,32,8192,4096,bf16,0.00013296499992065947,2.0050001694471575e-06,20
v5e,skinny,32,11008,4096,bf16,0.0001284049999412673,3.224999773010495e-06,20
v5e,skinny,32,16384,8192,bf16,0.00046917999998186133,3.6349997571960557e-06,20
v5e,skinny,32,16384,16384,bf16,0.0008294000001569657,1.9225002461098484e-06,20
v5e,skinny,64,4096,4096,bf16,0.00012277499990887009,2.813250034705561e-06,20
v5e,skinny,64,8192,4096,bf16,0.0001329599997461628,2.73000023298664e-06,20
v5e,skinny,64,11008,4096,bf16,0.00014162449974719493,1.6707498389223474e-06,20
v5e,skinny,64,16384,8192,bf16,0.0004745050000565243,2.7499997941049514e-06,20
v5e,skinny,64,16384,16384,bf16,0.0008300100002998079,3.475749736026046e-06,20
v5e,skinny,128,4096,4096,bf16,0.0001322709999840299,2.0324998786236392e-06,20
v5e,skinny,128,8192,4096,bf16,0.00015509499985455477,2.735000066422799e-06,20
v5e,skinny,128,11008,4096,bf16,0.00017386499985150294,2.2675000082017505e-06,20
v5e,skinny,128,16384,8192,bf16,0.00048276500001520617,4.155750048084883e-06,20
v5e,skinny,128,16384,16384,bf16,0.0008394144999783748,1.9814999632217223e-06,20
v5e,skinny,4096,1,4096,bf16,0.00015329499979088723,2.897499939535919e-06,20
v5e,skinny,4096,1,8192,bf16,0.00020140500009802054,5.382500489758968e-06,20
v5e,skinny,4096,8,4096,bf16,0.00012010499972348043,3.890000243700342e-06,20
v5e,skinny,4096,8,8192,bf16,0.00013255000021672458,3.714999934345542e-06,20
v5e,skinny,4096,16,4096,bf16,0.00012023500016766775,1.662499926169403e-06,20
v5e,skinny,4096,16,8192,bf16,0.00014011450025464,3.274999926361488e-06,20
v5e,skinny,4096,32,4096,bf16,0.0001258049999250943,4.072500246365962e-06,20
v5e,skinny,4096,32,8192,bf16,0.00013793000016448786,2.562249846960185e-06,20
v5e,skinny,4096,64,4096,bf16,0.00012612499995157123,3.172499873471679e-06,20
v5e,skinny,4096,64,8192,bf16,0.00013799450016449555,1.4550003015756374e-06,20
v5e,skinny,4096,128,4096,bf16,0.00013873500006411632,5.414999918684771e-06,20
v5e,skinny,4096,128,8192,bf16,0.00016070499987108633,3.78749984975002e-06,20
v5e,skinny,4096,4096,1,bf16,0.00021868549993087072,7.909999908406462e-06,20
v5e,skinny,4096,4096,8,bf16,0.00022025999987818068,4.969999849890883e-06,20
v5e,skinny,4096,4096,16,bf16,0.0002207904999522725,4.508499955591105e-06,20
v5e,skinny,4096,4096,32,bf16,0.00021790999994664162,6.492500006061164e-06,20
v5e,skinny,4096,4096,64,bf16,0.00021984999989399512,3.672500156426395e-06,20
v5e,skinny,4096,4096,128,bf16,0.00021964999996271217,4.897500048173242e-06,20
v5e,skinny,4096,8192,1,bf16,0.0003200350001861807,3.2974999157886487e-06,20
v5e,skinny,4096,8192,8,bf16,0.00029983499985064554,5.090000286145369e-06,20
v5e,skinny,4096,8192,16,bf16,0.00029953500029478164,3.0550002065865556e-06,20
v5e,skinny,4096,8192,32,bf16,0.0002998600000410079,3.6999999792897142e-06,20
v5e,skinny,4096,8192,64,bf16,0.00030060999984016235,3.5097496038360987e-06,20
v5e,skinny,4096,8192,128,bf16,0.00030105999985607923,2.4850003228493733e-06,20
v5e,skinny,8192,1,4096,bf16,0.00020687999995061546,3.239750071770686e-06,20
v5e,skinny,8192,8,4096,bf16,0.0001376499999423686,3.0150000611683936e-06,20
v5e,skinny,8192,16,4096,bf16,0.00013690500009033713,1.3724999234909774e-06,20
v5e,skinny,8192,32,4096,bf16,0.00013769999964097224,3.345749632899242e-06,20
v5e,skinny,8192,64,4096,bf16,0.00013796449979963654,3.5472501167532755e-06,20
v5e,skinny,8192,128,4096,bf16,0.00016095000000859727,1.2270002116565593e-06,20
v5e,skinny,8192,4096,1,bf16,0.0003195950000645098,3.584999944905576e-06,20
v5e,skinny,8192,4096,8,bf16,0.000312249999751657,2.750000021478627e-06,20
v5e,skinny,8192,4096,16,bf16,0.0003126250001059816,2.129499875991314e-06,20
v5e,skinny,8192,4096,32,bf16,0.00031391050015372457,3.6677499792858725e-06,20
v5e,skinny,8192,4096,64,bf16,0.0003145099999528611,3.437499913161446e-06,20
v5e,skinny,8192,4096,128,bf16,0.00032250000003841706,5.945000111751142e-06,20
v5e,skinny,16384,1,4096,bf16,0.00030170500008352974,2.8042499025104917e-06,20
v5e,skinny,16384,8,4096,bf16,0.0002990899999986141,2.1525002011912875e-06,20
v5e,skinny,16384,16,4096,bf16,0.00030003500023667584,2.2825003043180914e-06,20
v5e,skinny,16384,32,4096,bf16,0.0003017349999936414,2.6060002937811078e-06,20
v5e,skinny,16384,64,4096,bf16,0.00030496000022139924,3.6627502595365513e-06,20
v5e,skinny,16384,128,4096,bf16,0.00031628500028091366,3.371749698999338e-06,20
v5e,skinny,16384,4096,1,bf16,0.0005266350001420506,4.499999931795173e-06,20
v5e,skinny,16384,4096,8,bf16,0.0005295655000736588,3.678500434034504e-06,20
v5e,skinny,16384,4096,16,bf16,0.0005281249998461135,2.819999735947931e-06,20
v5e,skinny,16384,4096,32,bf16,0.0005284599999413331,3.6707499475596705e-06,20
v5e,skinny,16384,4096,64,bf16,0.0005309404998570244,4.29949989211309e-06,20
v5e,skinny,16384,4096,128,bf16,0.0005188000000089232,3.4082502224919153e-06,20
v5e,square,128,128,128,bf16,0.00011169000026711728,1.9449998944764957e-06,20
v5e,square,128,128,128,int8,0.00010904999999183929,4.4459995933721075e-06,20
v5e,square,256,256,256,bf16,0.00010861499981729139,2.7524999950401252e-06,20
v5e,square,256,256,256,int8,0.00011013499988621334,2.547500002947345e-06,20
v5e,square,384,384,384,bf16,0.00011315499978081789,3.2725000664868276e-06,20
v5e,square,384,384,384,int8,0.00011227999993934645,1.590000351825438e-06,20
v5e,square,512,512,512,bf16,0.00011332999997648585,3.36499988407013e-06,20
v5e,square,512,512,512,int8,0.0001119700000344892,2.1424997385111055e-06,20
v5e,square,768,768,768,bf16,0.00011546950008778367,3.693249936986831e-06,20
v5e,square,768,768,768,int8,0.00011309499996059458,2.190000031987438e-06,20
v5e,square,1024,1024,1024,bf16,0.0001299699997616699,2.688500012482109e-05,20
v5e,square,1024,1024,1024,int8,0.00011741499997697247,3.5274995298095746e-06,20
v5e,square,1536,1536,1536,bf16,0.00014933500006009126,2.430000108688546e-06,20
v5e,square,1536,1536,1536,int8,0.0001316749999205058,2.7600002567851334e-06,20
v5e,square,2048,2048,2048,bf16,0.00020056999983353307,2.6124997702936525e-06,20
v5e,square,2048,2048,2048,int8,0.00016006949999791686,7.472500101357582e-06,20
v5e,square,3072,3072,3072,bf16,0.00041421500009164447,3.4727498814390856e-06,20
v5e,square,3072,3072,3072,int8,0.000263055000004897,2.7199999976801337e-06,20
v5e,square,4096,4096,4096,bf16,0.0008302150001782138,4.170249894741573e-06,20
v5e,square,4096,4096,4096,int8,0.0004696399998920242,4.115000251658785e-06,20
v5e,square,6144,6144,6144,bf16,0.002525740000010046,2.3224996539283893e-06,20
v5e,square,6144,6144,6144,int8,0.0013202249999721971,5.052749997958017e-06,20
v5e,square,8192,8192,8192,bf16,0.00614083499976914,5.771500127593754e-06,20
v5e,square,8192,8192,8192,int8,0.002979494500095825,4.34924970704742e-06,20
v5e,square,12288,12288,12288,bf16,0.020079363499917235,9.344999966742762e-06,20
v5e,square,12288,12288,12288,int8,0.010381499499999336,3.362249799465644e-06,20
v5e,square,16384,16384,16384,bf16,0.04701617149999038,5.318500257089909e-06,20
v5e,square,16384,16384,16384,int8,0.02413060799995037,4.287500132704736e-06,20
v5e,tile_probe,255,4096,4096,bf16,0.0001597200000560406,2.710000217120978e-06,20
v5e,tile_probe,255,4096,4096,int8,0.00013716999978896638,2.0825000319746323e-06,20
v5e,tile_probe,256,4096,4096,bf16,0.00016019500003494613,1.5099999473022763e-06,20
v5e,tile_probe,256,4096,4096,int8,0.00013791499986837152,2.1300000980772893e-06,20
v5e,tile_probe,257,4096,4096,bf16,0.00016295499995067075,2.187500285799615e-06,20
v5e,tile_probe,257,4096,4096,int8,0.00014215000032891112,3.425749923735566e-06,20
v5e,tile_probe,384,4096,4096,bf16,0.00018508999983168906,5.158249905434786e-06,20
v5e,tile_probe,384,4096,4096,int8,0.00014795000015510595,2.0472501773838303e-06,20
v5e,tile_probe,511,4096,4096,bf16,0.00020847500013587705,2.9025000003457535e-06,20
v5e,tile_probe,511,4096,4096,int8,0.00016178500004571106,2.8525001880552736e-06,20
v5e,tile_probe,512,4096,4096,bf16,0.00020700999994005542,3.0999997306935256e-06,20
v5e,tile_probe,512,4096,4096,int8,0.00016053000013016572,2.6675000981413177e-06,20
v5e,tile_probe,513,4096,4096,bf16,0.00020801999971808982,1.4199999895936344e-06,20
v5e,tile_probe,513,4096,4096,int8,0.00016882499994608224,1.7702494687910075e-06,20
v5e,tile_probe,640,4096,4096,bf16,0.0002399444997536193,3.739250018952589e-06,20
v5e,tile_probe,640,4096,4096,int8,0.0001807850001114275,4.487500405048195e-06,20
v5e,tile_probe,1023,4096,4096,bf16,0.00029665500005648937,3.122499833807524e-06,20
v5e,tile_probe,1023,4096,4096,int8,0.0002068400001462578,9.895000061987957e-06,20
v5e,tile_probe,1024,4096,4096,bf16,0.0002959545001885999,2.41225018271507e-06,20
v5e,tile_probe,1024,4096,4096,int8,0.00020496499996625062,3.4875001801992767e-06,20
v5e,tile_probe,1025,4096,4096,bf16,0.0002991894998558564,1.2177503094790154e-06,20
v5e,tile_probe,1025,4096,4096,int8,0.00021497000011549972,3.6700000691780588e-06,20
v5e,tile_probe,1152,4096,4096,bf16,0.00031823500012251316,2.4149999262590427e-06,20
v5e,tile_probe,1152,4096,4096,int8,0.00021601449998343014,2.7874997385879396e-06,20
v5e,tile_probe,1920,4096,4096,bf16,0.0004531099998530408,3.0275002700363984e-06,20
v5e,tile_probe,1920,4096,4096,int8,0.00028332500005490147,1.8924997675640043e-06,20
v5e,tile_probe,2047,4096,4096,bf16,0.00047642549998272443,1.255000142919016e-06,20
v5e,tile_probe,2047,4096,4096,int8,0.00029499500010388147,2.172500103370112e-06,20
v5e,tile_probe,2048,4096,4096,bf16,0.00047743099980834813,1.7550001985000563e-06,20
v5e,tile_probe,2048,4096,4096,int8,0.00029627999992953846,4.859999648942903e-06,20
v5e,tile_probe,2049,4096,4096,bf16,0.00048670000001038716,1.5574998997180955e-06,20
v5e,tile_probe,2049,4096,4096,int8,0.0003016944997398241,3.818249865616963e-06,20
v5e,tile_probe,4096,4096,255,bf16,0.00022698499992657162,2.405000259386725e-06,20
v5e,tile_probe,4096,4096,255,int8,0.0002236200000425015,3.682499709611875e-06,20
v5e,tile_probe,4096,4096,256,bf16,0.00022558500018021732,2.8375000056257704e-06,20
v5e,tile_probe,4096,4096,256,int8,0.00022191999983078858,4.692500397140975e-06,20
v5e,tile_probe,4096,4096,257,bf16,0.0002272650001486909,2.267500235575426e-06,20
v5e,tile_probe,4096,4096,257,int8,0.00022430500030168332,2.6474997412151424e-06,20
v5e,tile_probe,4096,4096,384,bf16,0.0002284899999267509,3.700249635585351e-06,20
v5e,tile_probe,4096,4096,384,int8,0.00022580999984711525,2.7927503651881125e-06,20
v5e,tile_probe,4096,4096,511,bf16,0.00022960499995861028,1.4975001931816223e-06,20
v5e,tile_probe,4096,4096,511,int8,0.00022545500019077735,2.6727499289336265e-06,20
v5e,tile_probe,4096,4096,512,bf16,0.00022939499990570766,3.2124999052030034e-06,20
v5e,tile_probe,4096,4096,512,int8,0.0002260450000903802,1.8174998785980279e-06,20
v5e,tile_probe,4096,4096,513,bf16,0.00024262999977509025,3.656499643511779e-06,20
v5e,tile_probe,4096,4096,513,int8,0.00022712949999004195,2.354999992348894e-06,20
v5e,tile_probe,4096,4096,640,bf16,0.0002422199997909047,2.71875023827306e-06,20
v5e,tile_probe,4096,4096,640,int8,0.00021846049980922544,2.955000468318758e-06,20
v5e,tile_probe,4096,4096,1023,bf16,0.0002919450000717916,2.6725000452643144e-06,20
v5e,tile_probe,4096,4096,1023,int8,0.0002283799999531766,3.0774999686400406e-06,20
v5e,tile_probe,4096,4096,1024,bf16,0.0003005445003054774,2.537750219744339e-06,20
v5e,tile_probe,4096,4096,1024,int8,0.00022777999993195408,2.6475001959624933e-06,20
v5e,tile_probe,4096,4096,1025,bf16,0.00033890499980770983,2.6525003704591654e-06,20
v5e,tile_probe,4096,4096,1025,int8,0.0002615599998989637,4.332499884185381e-06,20
v5e,tile_probe,4096,4096,1152,bf16,0.0003193800000644842,6.515250106531312e-06,20
v5e,tile_probe,4096,4096,1152,int8,0.00022325499980979657,4.875000058746082e-06,20
v5e,tile_probe,4096,4096,1920,bf16,0.00044806500022787077,2.151749868062325e-06,20
v5e,tile_probe,4096,4096,1920,int8,0.00028393999991749297,3.146750259475084e-06,20
v5e,tile_probe,4096,4096,2047,bf16,0.0004695899999660469,2.739999899858958e-06,20
v5e,tile_probe,4096,4096,2047,int8,0.0002917799999977433,1.8299997464055195e-06,20
v5e,tile_probe,4096,4096,2048,bf16,0.0004705700000613433,3.840749855044123e-06,20
v5e,tile_probe,4096,4096,2048,int8,0.00029236999989734613,2.8425002938092803e-06,20
v5e,tile_probe,4096,4096,2049,bf16,0.0004946849999214464,5.134999582878663e-06,20
v5e,tile_probe,4096,4096,2049,int8,0.00031647499986320327,5.035000071984541e-06,20
v6e,random,136,752,192,bf16,0.00013442499999882784,5.4799999773536e-06,20
v6e,random,136,752,192,int8,0.00013686500000176238,4.785000015772312e-06,20
v6e,random,144,288,9312,bf16,0.00012515999999607175,2.232499987542269e-06,20
v6e,random,144,288,9312,int8,0.00011725000000240016,4.062500003954028e-06,20
v6e,random,144,6624,10736,bf16,0.00021086499999967145,2.474249988893007e-06,20
v6e,random,152,4200,144,bf16,0.00011751499999945736,7.54500001676206e-06,20
v6e,random,160,4464,2528,bf16,0.000123089999988224,4.2224999958762055e-06,20
v6e,random,160,4464,2528,int8,0.00012486500000363776,1.533750000959344e-05,20
v6e,random,176,816,1032,bf16,0.00012385500001244054,5.6500000269466e-06,20
v6e,random,176,816,1032,int8,0.00011762500000145337,7.76750000852644e-06,20
v6e,random,176,7592,176,bf16,0.00012137000000222997,5.487499997514078e-06,20
v6e,random,184,184,8672,bf16,0.00011555049999856237,4.5449999959146226e-06,20
v6e,random,184,424,2080,bf16,0.00011500000000808086,7.434999993449765e-06,20
v6e,random,184,1296,1024,bf16,0.00011568500001146731,5.466750018001676e-06,20
v6e,random,184,1448,4736,bf16,0.0001237700000018549,2.229250000596039e-06,20
v6e,random,184,1856,328,bf16,0.0001163499999989881,4.7375000065130735e-06,20
v6e,random,184,5456,6888,bf16,0.00015650500000674583,5.624750038180082e-06,20
v6e,random,192,7280,5832,bf16,0.0001427750000004835,3.5249999967845724e-06,20
v6e,random,200,2128,336,bf16,0.0001153149999879588,3.3874999942895556e-06,20
v6e,random,208,136,616,bf16,0.00011538500001506691,2.6774999852818837e-06,20
v6e,random,208,136,616,int8,0.00011529500000051485,2.0575000263534093e-06,20
v6e,random,216,1152,872,bf16,0.00011659499999439049,5.959999995752696e-06,20
v6e,random,216,2712,11512,bf16,0.0001404050000104462,3.7074999994501923e-06,20
v6e,random,216,2712,11512,int8,0.00012477999999305212,2.7274999752080475e-06,20
v6e,random,224,928,128,bf16,0.00011553999999591724,6.534999982932277e-06,20
v6e,random,224,928,128,int8,0.00011639499999205327,5.83000000631273e-06,20
v6e,random,240,3320,2960,bf16,0.0001229050000119969,3.7349999786329136e-06,20
v6e,random,240,4344,504,bf16,0.00012137999999595195,3.4275000189154525e-06,20
v6e,random,240,4344,504,int8,0.00011613000000920692,6.674999994515929e-06,20
v6e,random,248,584,4128,bf16,0.00011951000001886314,8.339999993722813e-06,20
v6e,random,264,14352,9608,bf16,0.00031036999999400905,2.2925000138229734e-06,20
v6e,random,264,14352,9608,int8,0.0002196200000241788,2.585000004273752e-06,20
v6e,random,272,2240,3752,bf16,0.0001233349999836264,2.162499995961298e-06,20
v6e,random,296,2112,1728,bf16,0.00012284999999678803,2.482500008227362e-06,20
v6e,random,296,2208,13392,bf16,0.00014286999999058025,3.3625000099846147e-06,20
v6e,random,304,848,176,bf16,0.00011445500001627806,3.335000002380184e-06,20
v6e,random,304,848,176,int8,0.00011644499997487401,7.874999994328391e-06,20
v6e,random,304,8440,1776,bf16,0.00012620500001503387,2.6900000307250593e-06,20
v6e,random,312,13696,6240,bf16,0.00024130499997454535,4.910000029667572e-06,20
v6e,random,320,3344,336,bf16,0.0001601550000032148,4.862749995027116e-05,20
v6e,random,328,8432,1984,bf16,0.00013007500001549488,4.134999954885643e-06,20
v6e,random,328,8432,1984,int8,0.00012224999997556552,4.80999997876097e-06,20
v6e,random,328,12552,288,bf16,0.0001247400000181642,2.542500013191784e-06,20
v6e,random,336,2808,5888,bf16,0.00014615000000617329,4.442499971446523e-06,20
v6e,random,336,14296,3328,bf16,0.00016951500001027853,5.207499981452202e-06,20
v6e,random,344,12376,752,bf16,0.00013844000000062806,5.635000007941926e-06,20
v6e,random,392,3736,3744,bf16,0.00014705999998909647,4.357500046126006e-06,20
v6e,random,400,4848,2912,bf16,0.00014104000001680106,5.165000018791943e-06,20
v6e,random,400,4848,2912,int8,0.00014557000000081644,8.6850000116101e-06,20
v6e,random,408,9000,176,bf16,0.00013863999998875443,5.914999974265811e-06,20
v6e,random,408,9000,176,int8,0.0001373950000242985,9.225000013657336e-06,20
v6e,random,448,184,144,bf16,0.00013083499999311243,4.0825000411359724e-06,20
v6e,random,448,184,144,int8,0.00012922499999490356,5.042499964247327e-06,20
v6e,random,520,2200,1888,bf16,0.00013684000001035201,2.4449999784792453e-06,20
v6e,random,552,1000,152,bf16,0.00013712999995618702,3.955000025257505e-06,20
v6e,random,552,1000,152,int8,0.00013323000001719265,7.480000107307205e-06,20
v6e,random,576,480,8440,bf16,0.00013738500007320908,6.500000012010787e-06,20
v6e,random,576,480,8440,int8,0.00013228000000253815,5.160000029036382e-06,20
v6e,random,616,6112,384,bf16,0.0001430249999998523,6.6100000140068005e-06,20
v6e,random,656,272,1144,bf16,0.0001333450000515768,9.792500009098148e-06,20
v6e,random,656,272,1144,int8,0.0001362049999897863,4.990000064708511e-06,20
v6e,random,680,1032,13896,bf16,0.00016583500001843277,4.642500044838016e-06,20
v6e,random,704,296,856,bf16,0.00014002000000346015,3.945000003113819e-06,20
v6e,random,704,296,856,int8,0.00013516500007426657,5.125000086536602e-06,20
v6e,random,728,2056,616,bf16,0.00013874500001520573,2.7075000161858043e-06,20
v6e,random,728,2056,616,int8,0.0001387650000310714,3.9250000440915755e-06,20
v6e,random,744,976,1776,bf16,0.0001383800000667179,4.230000030247538e-06,20
v6e,random,744,976,1776,int8,0.00014318000000912434,8.675000032098978e-06,20
v6e,random,768,2096,1976,bf16,0.00014164499998514657,6.197499999416323e-06,20
v6e,random,872,10600,1952,bf16,0.00018144500000971675,4.872500028341165e-06,20
v6e,random,872,15768,11320,bf16,0.0005568000000266693,5.417500005933107e-06,20
v6e,random,872,15768,11320,int8,0.00039374499999667023,7.929999981115543e-06,20
v6e,random,880,344,12128,bf16,0.0001399999999875945,4.125000003796231e-06,20
v6e,random,880,344,12128,int8,0.00013990999997304243,4.3300000811541395e-06,20
v6e,random,888,536,496,bf16,0.00013608500000827917,3.999999961479261e-06,20
v6e,random,912,336,200,bf16,0.00011651499998777126,7.332499968981665e-06,20
v6e,random,920,10584,160,bf16,0.00014762000000700937,7.992500009379455e-06,20
v6e,random,952,6784,2680,bf16,0.00018732499999885022,4.679999996426432e-06,20
v6e,random,960,4520,4040,bf16,0.00017057000000875178,6.112500003041532e-06,20
v6e,random,1000,2208,232,bf16,0.00012673000000518186,4.500000017060302e-06,20
v6e,random,1000,2208,232,int8,0.00013817500000357086,4.2824999937352e-06,20
v6e,random,1000,9048,200,bf16,0.00014582949999919492,4.584999985013383e-06,20
v6e,random,1000,9048,200,int8,0.00016004499998700794,3.1875000203740456e-06,20
v6e,random,1008,2600,16000,bf16,0.0002365145000027269,8.414999982164773e-06,20
v6e,random,1088,13144,1448,bf16,0.00017831499999942935,7.022499978859287e-06,20
v6e,random,1200,1504,5904,bf16,0.00014873499999623618,4.9724999726663555e-06,20
v6e,random,1232,6976,3480,bf16,0.00019912500000884847,3.511749994800084e-06,20
v6e,random,1232,6976,3480,int8,0.0001721799999927498,4.937500023061148e-06,20
v6e,random,1288,448,280,bf16,0.0001197849999527989,5.502500002307897e-06,20
v6e,random,1328,6632,2392,bf16,0.00017416000000025633,2.7499999930569174e-06,20
v6e,random,1328,6632,2392,int8,0.00015911999997797466,4.762500012134296e-06,20
v6e,random,1344,10032,200,bf16,0.0001534049999918352,3.4525000245366755e-06,20
v6e,random,1352,9584,11896,bf16,0.0005454500000041662,1.4717500036454112e-05,20
v6e,random,1376,14616,5520,bf16,0.00040953999999260304,2.0075000151109634e-06,20
v6e,random,1376,14616,5520,int8,0.0002731499999981679,8.014999977490334e-06,20
v6e,random,1432,1672,5800,bf16,0.00016162000000008447,2.2974999893676795e-06,20
v6e,random,1432,1672,5800,int8,0.00014853499999389896,5.64750000364711e-06,20
v6e,random,1496,6696,368,bf16,0.00014982999999801905,7.110000012744422e-06,20
v6e,random,1496,6696,368,int8,0.00014719500001092456,4.119999999829815e-06,20
v6e,random,1600,1016,160,bf16,0.0001270299999873714,7.652500016774866e-06,20
v6e,random,1600,1016,160,int8,0.0001244900000187954,7.489999987342344e-06,20
v6e,random,1600,1216,520,bf16,0.0001251599999818609,3.4074999888389357e-06,20
v6e,random,1624,200,15016,bf16,0.00013531499999430707,8.97749997363917e-06,20
v6e,random,1664,384,5568,bf16,0.00013040999996860592,7.467499969493474e-06,20
v6e,random,1688,7584,1360,bf16,0.0001709850000111146,8.03000001781129e-06,20
v6e,random,1696,6624,16152,bf16,0.000603089999998474,6.605000010040385e-06,20
v6e,random,1696,6624,16152,int8,0.0003745049999679395,5.079999937152024e-06,20
v6e,random,1752,1096,11728,bf16,0.00020607999999811,6.302499969024211e-06,20
v6e,random,1920,136,4072,bf16,0.00012577500001498265,5.630000060818929e-06,20
v6e,random,1920,136,4072,int8,0.0001285005000113415,1.4807750062573177e-05,20
v6e,random,1960,456,416,bf16,0.00013085000000501168,1.3382500071656978e-05,20
v6e,random,2040,208,856,bf16,0.00012605500000972825,6.575000043085311e-06,20
v6e,random,2040,208,856,int8,0.00012296500005959388,6.830000017998827e-06,20
v6e,random,2048,136,5440,bf16,0.00012795499998219384,1.3742500044600092e-05,20
v6e,random,2048,136,5440,int8,0.00012481999999636173,5.497500040974046e-06,20
v6e,random,2112,2384,13656,bf16,0.00032113999998273357,5.297500081269391e-06,20
v6e,random,2112,2384,13656,int8,0.00023323950000531113,2.499999936844688e-06,20
v6e,random,2120,328,1648,bf16,0.00012905999994927697,3.7249999707000825e-06,20
v6e,random,2136,328,14552,bf16,0.00016283999997313003,8.222499985777176e-06,20
v6e,random,2144,552,3336,bf16,0.0001327549999814437,5.227500054161283e-06,20
v6e,random,2144,552,3336,int8,0.00012809999998353305,9.089999963407536e-06,20
v6e,random,2288,664,856,bf16,0.00013105499999710446,1.085000002376546e-05,20
v6e,random,2288,7848,264,bf16,0.00016492499997866616,3.862500022933091e-06,20
v6e,random,2432,328,232,bf16,0.00012216499993655816,6.447499970363424e-06,20
v6e,random,2432,328,232,int8,0.00012332000000014887,5.422500095164651e-06,20
v6e,random,2432,4416,1792,bf16,0.00017167999999401218,7.337499965842653e-06,20
v6e,random,2432,4416,1792,int8,0.00014977000000726548,4.924999984723399e-06,20
v6e,random,2536,824,16168,bf16,0.00020730499994670026,5.850000007967537e-06,20
v6e,random,2536,824,16168,int8,0.00017641499999854204,5.072500044889239e-06,20
v6e,random,2656,960,2520,bf16,0.00013685000004670655,5.509999994046666e-06,20
v6e,random,2776,1424,288,bf16,0.00012773999998216823,4.8075000336211815e-06,20
v6e,random,2816,480,160,bf16,0.00012458499998047046,6.8099998884463275e-06,20
v6e,random,3040,488,3872,bf16,0.00013810500001909531,3.527499956135216e-06,20
v6e,random,3040,488,3872,int8,0.00012917500009734795,8.650000097532029e-06,20
v6e,random,3080,10784,176,bf16,0.00020732000007228635,6.3525000086883665e-06,20
v6e,random,3080,10784,176,int8,0.00020816000005652313,7.024999945315358e-06,20
v6e,random,3304,4104,288,bf16,0.0001542149999522735,6.047500107797532e-06,20
v6e,random,3336,5128,224,bf16,0.0001637000000300759,5.757500105119107e-06,20
v6e,random,3336,5128,224,int8,0.00016009000000849483,5.242499980795401e-06,20
v6e,random,3368,600,4032,bf16,0.0001421400000936046,4.772500176386529e-06,20
v6e,random,3384,744,640,bf16,0.00012545000004138274,8.780000086971995e-06,20
v6e,random,3384,744,640,int8,0.0001271900000574533,8.275000197954796e-06,20
v6e,random,3616,848,248,bf16,0.00014638999994076585,1.3627500038637663e-05,20
v6e,random,3712,2192,4488,bf16,0.00023775999989084085,8.65000004068861e-06,20
v6e,random,3752,632,304,bf16,0.0001422949999323464,8.317500032717362e-06,20
v6e,random,3856,536,5312,bf16,0.0001802399999633053,4.707499897449452e-06,20
v6e,random,3896,6880,15008,bf16,0.001312480000024152,1.5517499946327007e-05,20
v6e,random,3984,5896,6184,bf16,0.0005601999999953478,9.372500130666594e-06,20
v6e,random,4040,2024,7048,bf16,0.0003232249999882697,1.2702499986971816e-05,20
v6e,random,4048,7696,3432,bf16,0.00044080999998641346,9.242500141226628e-06,20
v6e,random,4048,7696,3432,int8,0.00030759999992824305,1.3142500051799288e-05,20
v6e,random,4144,14912,2080,bf16,0.0005028050001101292,7.559999914974469e-06,20
v6e,random,4144,14912,2080,int8,0.0003731050001078984,3.5799999409391603e-06,20
v6e,random,4152,2944,2488,bf16,0.000224974499928976,7.590000109303219e-06,20
v6e,random,4248,1640,576,bf16,0.00015660999997635372,2.1267499960231362e-05,20
v6e,random,4336,192,712,bf16,0.00013917000001129054,8.142500064423075e-06,20
v6e,random,4336,192,712,int8,0.00013829500005613227,1.0664999877008086e-05,20
v6e,random,4336,200,872,bf16,0.00014100500004587957,5.632500233332394e-06,20
v6e,random,4336,200,872,int8,0.00013935499998751766,7.577500014122052e-06,20
v6e,random,4744,7992,256,bf16,0.0002362450001101024,7.795000158239418e-06,20
v6e,random,4744,7992,256,int8,0.00023662500007048948,6.052499941233691e-06,20
v6e,random,4832,200,1016,bf16,0.0001426000000037675,8.430000093540002e-06,20
v6e,random,4832,200,1016,int8,0.00014125999996394967,5.892249930639082e-06,20
v6e,random,4944,1080,2224,bf16,0.00016821999997773673,8.332499874086352e-06,20
v6e,random,4944,1080,2224,int8,0.00016364500004328875,5.74250009321986e-06,20
v6e,random,5064,1544,11616,bf16,0.00038596500007770373,9.120000015627738e-06,20
v6e,random,5064,1544,11616,int8,0.0002998799999431867,6.387500036453275e-06,20
v6e,random,5264,10864,240,bf16,0.00028789999998934945,7.110000069587841e-06,20
v6e,random,5264,10864,240,int8,0.00028254000005745183,7.359999983691523e-06,20
v6e,random,5896,1912,376,bf16,0.00016196499996112834,1.0025000051427924e-05,20
v6e,random,5896,1912,376,int8,0.00016333049995864712,7.2550000709270535e-06,20
v6e,random,6104,392,168,bf16,0.00014073499994537997,5.547500109059911e-06,20
v6e,random,6104,392,168,int8,0.00013826500003233377,3.209999931641505e-06,20
v6e,random,6272,11312,472,bf16,0.00032404500007032766,1.123999993524194e-05,20
v6e,random,6464,1376,15512,bf16,0.0005406500000617598,1.4530000044032931e-05,20
v6e,random,6464,1376,15512,int8,0.000332525000089845,5.829749852637178e-06,20
v6e,random,6512,1944,520,bf16,0.00017208999997819774,8.73000004730784e-06,20
v6e,random,6512,1944,520,int8,0.00016882499994608224,1.0155000097711309e-05,20
v6e,random,6904,2192,1296,bf16,0.00019295000004149188,9.994999970786012e-06,20
v6e,random,6920,1320,400,bf16,0.00015847999998186424,2.0134999829224398e-05,20
v6e,random,6936,960,7176,bf16,0.00027284000009331066,6.847499889772735e-06,20
v6e,random,6936,960,7176,int8,0.00022526500004005356,7.3200000656470365e-06,20
v6e,random,7360,816,624,bf16,0.00015029999985927134,5.2624998261308065e-06,20
v6e,random,7432,5056,3664,bf16,0.0004987900000514855,5.8624999041967385e-06,20
v6e,random,7432,5056,3664,int8,0.00035351999997601524,1.1652500177206093e-05,20
v6e,random,7680,1008,14848,bf16,0.0004365650000863752,9.554999792271701e-06,20
v6e,random,7680,1008,14848,int8,0.0003141199999845412,1.2012499780666985e-05,20
v6e,random,7992,6912,856,bf16,0.0003002649999643836,1.3470000055804121e-05,20
v6e,random,7992,6912,856,int8,0.0002848500000709464,5.082500138087198e-06,20
v6e,random,8208,152,4416,bf16,0.0001516700000365745,9.252499921785784e-06,20
v6e,random,8208,152,4416,int8,0.0001404849997470592,1.0774999736895552e-06,20
v6e,random,8336,424,256,bf16,0.00014062999980524182,7.747500376353855e-06,20
v6e,random,8336,424,256,int8,0.00014077499986342445,4.122500058656442e-06,20
v6e,random,8456,14960,13312,bf16,0.0049177749999671505,9.74000022324617e-06,20
v6e,random,8456,14960,13312,int8,0.0036743250000199623,1.455749986689625e-05,20
v6e,random,8872,1272,10728,bf16,0.00045672500004911853,7.857499554120295e-06,20
v6e,random,9024,9832,168,bf16,0.0003659700000753219,5.302500085235806e-06,20
v6e,random,9024,9832,168,int8,0.00037185000019235304,1.2954999647263321e-05,20
v6e,random,9160,6592,3272,bf16,0.0006550350001361949,1.1727499895641813e-05,20
v6e,random,9160,6592,3272,int8,0.0006473100002040155,6.4074999954755185e-06,20
v6e,random,9216,1528,680,bf16,0.000176199999941673,7.212499895103974e-06,20
v6e,random,9520,384,240,bf16,0.00014803499993831792,5.217499960963323e-06,20
v6e,random,9520,384,240,int8,0.00014907000013408833,4.147499794271425e-06,20
v6e,random,9544,2744,728,bf16,0.00021196500006226415,1.506000035078614e-05,20
v6e,random,9624,392,2632,bf16,0.0001651449999826582,9.744999942995491e-06,20
v6e,random,9624,392,2632,int8,0.0001530849999653583,9.969999950953934e-06,20
v6e,random,9936,2176,160,bf16,0.0001877749998584477,5.809999947814504e-06,20
v6e,random,10144,672,408,bf16,0.00015306000000236963,1.361499971608282e-05,20
v6e,random,10744,6936,312,bf16,0.00032914000007622235,9.407499760527571e-06,20
v6e,random,10792,1296,8464,bf16,0.00047121000011429715,3.2592502066108864e-06,20
v6e,random,10792,1296,8464,int8,0.0003833850000773964,8.017500022106105e-06,20
v6e,random,11520,14024,144,bf16,0.0005438549999325915,7.697499768255511e-06,20
v6e,random,11520,14024,144,int8,0.0005511450001449703,5.815000122311176e-06,20
v6e,random,11784,224,4400,bf16,0.00020525500008261588,1.6154999912032508e-05,20
v6e,random,11784,224,4400,int8,0.0001530800000182353,7.309999887183949e-06,20
v6e,random,11888,3544,6968,bf16,0.0009384850000060396,5.885000177840993e-06,20
v6e,random,11960,6704,136,bf16,0.0003452749999723892,1.428249993296049e-05,20
v6e,random,12048,840,288,bf16,0.00015941000015118334,5.685000019184372e-06,20
v6e,random,12048,840,288,int8,0.00015577499993923993,5.932499902883137e-06,20
v6e,random,12472,336,1536,bf16,0.00015016000020295905,6.83999996908824e-06,20
v6e,random,12472,336,1536,int8,0.00014219500008039176,7.785000207150006e-06,20
v6e,random,12480,240,8504,bf16,0.0002778200000648212,6.7775000616165926e-06,20
v6e,random,12480,240,8504,int8,0.00021145499999875028,4.1775002728172694e-06,20
v6e,random,12792,1192,5064,bf16,0.0003441849999035185,1.129249960740708e-05,20
v6e,random,12792,1192,5064,int8,0.00025955499995689024,5.737500373470539e-06,20
v6e,random,13392,11432,4832,bf16,0.0027195099999062222,1.2452500072868133e-05,20
v6e,random,13392,11432,4832,int8,0.0012335050000729098,7.937500186017132e-06,20
v6e,random,13440,768,1872,bf16,0.0001883299999008159,1.0334999842598336e-05,20
v6e,random,13440,768,1872,int8,0.00017358500008413102,3.482499778328929e-06,20
v6e,random,14448,1480,4960,bf16,0.00043127499998263374,9.977499871638429e-06,20
v6e,random,14744,2240,608,bf16,0.00022529000011672906,5.535000241252419e-06,20
v6e,random,14744,2240,608,int8,0.0002215249999153457,9.642500231166196e-06,20
v6e,random,14936,3568,3008,bf16,0.0005563900001561706,1.2645000197153422e-05,20
v6e,random,14936,3568,3008,int8,0.0005615649999981542,1.7175000380120764e-05,20
v6e,random,15112,7432,5592,bf16,0.0018031049999081006,3.594999952838407e-06,20
v6e,random,15112,7432,5592,int8,0.0011247149998325767,9.61249986630719e-06,20
v6e,random,15664,464,7208,bf16,0.00031508999995821796,9.00499946965283e-06,20
v6e,random,15664,464,7208,int8,0.00023577499996463303,5.409999744188099e-06,20
v6e,random,15920,5672,1352,bf16,0.0004984650001915725,6.415000029846851e-06,20
v6e,random,15984,592,312,bf16,0.00014005999992150464,4.047500056003628e-06,20
v6e,ridge_band,816,816,1040,bf16,0.00012659999993047677,1.0724999810918234e-05,20
v6e,ridge_band,944,944,1824,bf16,0.0001258049999250943,6.270000199037895e-06,20
v6e,ridge_band,952,952,544,bf16,0.00012839000009989832,6.8925003233744064e-06,20
v6e,ridge_band,1160,1160,1136,bf16,0.0001280799999676674,2.6300000399714918e-06,20
v6e,ridge_band,1280,1280,864,bf16,0.0001291250000576838,3.732499862962868e-06,20
v6e,ridge_band,1504,1504,800,bf16,0.0001344400000107271,4.492499897423841e-06,20
v6e,ridge_band,1552,1552,1688,bf16,0.00013623500012727163,5.189999683352653e-06,20
v6e,ridge_band,1808,1808,1824,bf16,0.00015777499970681674,1.1667500302792178e-05,20
v6e,ridge_band,1848,1848,712,bf16,0.0001496499999120715,8.950000051299867e-06,20
v6e,ridge_band,1976,1976,2048,bf16,0.00016352999978153093,8.899999897948874e-06,20
v6e,ridge_band,2336,2336,1696,bf16,0.00016579999987698102,6.887499580443546e-06,20
v6e,ridge_band,2392,2392,4600,bf16,0.0002145450000625715,6.852500291643082e-06,20
v6e,ridge_band,2480,2480,2736,bf16,0.00018724000005931885,8.932500236369378e-06,20
v6e,ridge_band,3024,3024,464,bf16,0.00016650999987177784,9.940000040842278e-06,20
v6e,ridge_band,3088,3088,584,bf16,0.00016313000014633872,8.295000043290202e-06,20
v6e,ridge_band,3360,3360,1056,bf16,0.0001780750001216802,1.3642500334754004e-05,20
v6e,ridge_band,3680,3680,4032,bf16,0.00029833500002496294,7.34999957785476e-06,20
v6e,ridge_band,4424,4424,568,bf16,0.0001924199998484255,1.4824999993834354e-05,20
v6e,ridge_band,4576,4576,6064,bf16,0.0004649850000078004,7.192499765551474e-06,20
v6e,ridge_band,4616,4616,7952,bf16,0.0006372000000283151,1.3832500030730444e-05,20
v6e,ridge_band,4776,4776,680,bf16,0.00020416500001374516,6.2174997310648905e-06,20
v6e,ridge_band,4936,4936,1104,bf16,0.0002274250000482425,7.519999826399726e-06,20
v6e,ridge_band,5040,5040,3056,bf16,0.0003475949999938166,9.367499842483085e-06,20
v6e,ridge_band,5256,5256,952,bf16,0.00023618000022906926,1.3179999768908601e-05,20
v6e,ridge_band,6672,6672,784,bf16,0.0002792750001390232,7.037499585749174e-06,20
v6e,ridge_band,6736,6736,1216,bf16,0.0003016600001046754,6.690000077469449e-06,20
v6e,ridge_band,7000,7000,1128,bf16,0.00031534500021734857,7.747499807919667e-06,20
v6e,ridge_band,7312,7312,784,bf16,0.0003089849999469152,1.0464999718351464e-05,20
v6e,ridge_band,7680,7680,848,bf16,0.00031729500005894806,2.239000025383575e-05,20
v6e,ridge_band,8136,8136,2344,bf16,0.0006293905000802624,4.87249974412407e-06,20
v6e,ridge_band,8288,8288,1136,bf16,0.00037422500008688075,1.1120250064777792e-05,20
v6e,ridge_band,8832,8832,1072,bf16,0.0004067745001066214,5.859999873791821e-06,20
v6e,ridge_band,9560,9560,936,bf16,0.00043514999993021775,7.900000127847306e-06,20
v6e,ridge_band,9576,9576,1824,bf16,0.0006163449997984571,7.124999910956831e-06,20
v6e,ridge_band,9656,9656,1120,bf16,0.00045933000001241453,1.2845000242123206e-05,20
v6e,ridge_band,10424,10424,1552,bf16,0.0006655050001427298,4.592500204125827e-06,20
v6e,ridge_band,10728,10728,2616,bf16,0.0009444400000120368,1.326724998307327e-05,20
v6e,ridge_band,10848,10848,2120,bf16,0.0008466049998787639,1.3170000215723121e-05,20
v6e,ridge_band,11072,11072,1808,bf16,0.0007678449999275472,8.495249971929297e-06,20
v6e,ridge_band,11376,11376,2264,bf16,0.0008828449997508869,1.191500030017778e-05,20
v6e,skinny,1,4096,4096,bf16,0.00013878499976271996,1.611749996754952e-05,20
v6e,skinny,1,8192,4096,bf16,0.0001615950000086741,4.512499799602665e-06,20
v6e,skinny,1,11008,4096,bf16,0.00017734499988364405,9.819999831961468e-06,20
v6e,skinny,1,16384,8192,bf16,0.00029170499988140364,6.227500080058235e-06,20
v6e,skinny,1,16384,16384,bf16,0.0004695949999131699,9.460000342187413e-06,20
v6e,skinny,8,4096,4096,bf16,0.00012863500001003558,1.5137499872253102e-05,20
v6e,skinny,8,8192,4096,bf16,0.00013668999963556416,6.824999900345574e-06,20
v6e,skinny,8,11008,4096,bf16,0.00013700999988941476,8.38750008824718e-06,20
v6e,skinny,8,16384,8192,bf16,0.00029709500017816026,3.407499775676115e-06,20
v6e,skinny,8,16384,16384,bf16,0.000473074999945311,2.111500020873791e-05,20
v6e,skinny,16,4096,4096,bf16,0.00012853499993070727,8.697500220478105e-06,20
v6e,skinny,16,8192,4096,bf16,0.00013616999990517797,5.0624998948478606e-06,20
v6e,skinny,16,11008,4096,bf16,0.00013827000020683045,1.0392499689260148e-05,20
v6e,skinny,16,16384,8192,bf16,0.0002987399998346518,1.1100000165242818e-05,20
v6e,skinny,16,16384,16384,bf16,0.0004722150001725822,1.4967499964768649e-05,20
v6e,skinny,32,4096,4096,bf16,0.00012865500002590124,4.174999958195258e-06,20
v6e,skinny,32,8192,4096,bf16,0.00013561000014306046,5.270000428936328e-06,20
v6e,skinny,32,11008,4096,bf16,0.00013522500012186356,3.2699995244911406e-06,20
v6e,skinny,32,16384,8192,bf16,0.00030025500018382445,7.690000074944692e-06,20
v6e,skinny,32,16384,16384,bf16,0.000467944999854808,8.990000196718029e-06,20
v6e,skinny,64,4096,4096,bf16,0.00012504500000432017,5.844999805049156e-06,20
v6e,skinny,64,8192,4096,bf16,0.00013630499961436726,6.012500080032623e-06,20
v6e,skinny,64,11008,4096,bf16,0.00013483000020642066,5.210000381339341e-06,20
v6e,skinny,64,16384,8192,bf16,0.00030158000026858645,7.142500635382021e-06,20
v6e,skinny,64,16384,16384,bf16,0.0004806744996130874,1.631499981158413e-05,20
v6e,skinny,128,4096,4096,bf16,0.00012931000037497142,5.682499931936036e-06,20
v6e,skinny,128,8192,4096,bf16,0.00013443999978335341,4.322500217313063e-06,20
v6e,skinny,128,11008,4096,bf16,0.00013560000024881447,4.260000878275605e-06,20
v6e,skinny,128,16384,8192,bf16,0.0003102999999100575,8.0249999427906e-06,20
v6e,skinny,128,16384,16384,bf16,0.00049112500028059,9.500000487605575e-06,20
v6e,skinny,4096,1,4096,bf16,0.00014264499986893497,1.1702499705279479e-05,20
v6e,skinny,4096,1,8192,bf16,0.00016119499969136086,6.9949999215168646e-06,20
v6e,skinny,4096,8,4096,bf16,0.00014405499996428262,1.1965000339841936e-05,20
v6e,skinny,4096,8,8192,bf16,0.0001498149999861198,6.6500001594249625e-06,20
v6e,skinny,4096,16,4096,bf16,0.00014381000073626637,7.687499419262167e-06,20
v6e,skinny,4096,16,8192,bf16,0.00014955499955249252,2.9774996619380545e-06,20
v6e,skinny,4096,32,4096,bf16,0.00014907000013408833,4.457499471755e-06,20
v6e,skinny,4096,32,8192,bf16,0.0001521055005468952,1.016750002236222e-05,20
v6e,skinny,4096,64,4096,bf16,0.00014878000001772307,6.167500259834924e-06,20
v6e,skinny,4096,64,8192,bf16,0.0001502199997958087,5.037500159232877e-06,20
v6e,skinny,4096,128,4096,bf16,0.00014105499985817005,1.060324984791805e-05,20
v6e,skinny,4096,128,8192,bf16,0.00015421499983858666,8.209999577957205e-06,20
v6e,skinny,4096,4096,1,bf16,0.00017377500034854165,5.207499725656817e-06,20
v6e,skinny,4096,4096,8,bf16,0.00017502999980933964,8.242500371125061e-06,20
v6e,skinny,4096,4096,16,bf16,0.0001753849996930512,1.1917500614799792e-05,20
v6e,skinny,4096,4096,32,bf16,0.00017307999996774015,7.3424994297965895e-06,20
v6e,skinny,4096,4096,64,bf16,0.00017385000001013395,7.190000360424165e-06,20
v6e,skinny,4096,4096,128,bf16,0.00017793999995774357,9.594999710316188e-06,20
v6e,skinny,4096,8192,1,bf16,0.0002144300001418742,1.0104999773830059e-05,20
v6e,skinny,4096,8192,8,bf16,0.00022104499976194347,8.949999710239354e-06,20
v6e,skinny,4096,8192,16,bf16,0.0002175750000787957,4.247499418852385e-06,20
v6e,skinny,4096,8192,32,bf16,0.0002169700001104502,9.21999958336528e-06,20
v6e,skinny,4096,8192,64,bf16,0.00021997000021656277,1.127499990616343e-05,20
v6e,skinny,4096,8192,128,bf16,0.0002198350002799998,1.2077500059604063e-05,20
v6e,skinny,8192,1,4096,bf16,0.0001765550005075056,1.3007250345253851e-05,20
v6e,skinny,8192,8,4096,bf16,0.00015009000026111607,6.182500555951265e-06,20
v6e,skinny,8192,16,4096,bf16,0.00015175500038822065,7.945000561448978e-06,20
v6e,skinny,8192,32,4096,bf16,0.0001505850000285136,8.55999996929313e-06,20
v6e,skinny,8192,64,4096,bf16,0.00015027500012365635,1.0942499784505344e-05,20
v6e,skinny,8192,128,4096,bf16,0.00015057999962664326,7.92000059846032e-06,20
v6e,skinny,8192,4096,1,bf16,0.00021858000036445446,8.38250025481102e-06,20
v6e,skinny,8192,4096,8,bf16,0.00022309999985736795,8.88750014382822e-06,20
v6e,skinny,8192,4096,16,bf16,0.00022390000003724708,2.099000016642094e-05,20
v6e,skinny,8192,4096,32,bf16,0.00022032500010027434,5.872500423720339e-06,20
v6e,skinny,8192,4096,64,bf16,0.00022313999988909927,8.214249419324915e-06,20
v6e,skinny,8192,4096,128,bf16,0.00022344499984683353,3.985000375905656e-06,20
v6e,skinny,16384,1,4096,bf16,0.00021882000010009506,5.82674988436338e-06,20
v6e,skinny,16384,8,4096,bf16,0.00022210999986782554,1.556249981149449e-05,20
v6e,skinny,16384,16,4096,bf16,0.00021877000017411774,1.1194999160579755e-05,20
v6e,skinny,16384,32,4096,bf16,0.00021897500027989736,7.460000006176415e-06,20
v6e,skinny,16384,64,4096,bf16,0.0002201399997829867,1.1002499604728655e-05,20
v6e,skinny,16384,128,4096,bf16,0.00022515000046041678,9.707500112199341e-06,20
v6e,skinny,16384,4096,1,bf16,0.00029973499977131723,6.657500762230484e-06,20
v6e,skinny,16384,4096,8,bf16,0.0003127850000055332,1.8342499060963746e-05,20
v6e,skinny,16384,4096,16,bf16,0.0003099900004599476,6.309999434961355e-06,20
v6e,skinny,16384,4096,32,bf16,0.00030753500050195726,9.85750057225232e-06,20
v6e,skinny,16384,4096,64,bf16,0.00030510500027958187,1.0487499821465462e-05,20
v6e,skinny,16384,4096,128,bf16,0.0003060449998883996,8.924999747250695e-06,20
v6e,square,128,128,128,bf16,0.0001315299996349495,5.182499990041833e-06,20
v6e,square,128,128,128,int8,0.0001297200001317833,1.5544999769190326e-05,20
v6e,square,256,256,256,bf16,0.00013970000009067007,1.080250058294041e-05,20
v6e,square,256,256,256,int8,0.00013768000007985393,3.2149998787645018e-06,20
v6e,square,384,384,384,bf16,0.0001377249996039609,2.6824991437024437e-06,20
v6e,square,384,384,384,int8,0.00013682500048162183,5.464999503601575e-06,20
v6e,square,512,512,512,bf16,0.00013855499992132536,1.1122500836791005e-05,20
v6e,square,512,512,512,int8,0.00014088499983699876,1.0752500429589418e-05,20
v6e,square,768,768,768,bf16,0.00013822499977322877,9.937500180967618e-06,20
v6e,square,768,768,768,int8,0.0001385800001116877,1.3782499308945262e-05,20
v6e,square,1024,1024,1024,bf16,0.00014161499984766124,5.86749911235529e-06,20
v6e,square,1024,1024,1024,int8,0.0001405200000590412,5.362500360206468e-06,20
v6e,square,1536,1536,1536,bf16,0.00015202500026134658,1.903749944176525e-05,20
v6e,square,1536,1536,1536,int8,0.00014952999981687753,7.654999990336364e-06,20
v6e,square,2048,2048,2048,bf16,0.0001571200000398676,8.682500038048602e-06,20
v6e,square,2048,2048,2048,int8,0.00014834500007054885,3.7674994928238448e-06,20
v6e,square,3072,3072,3072,bf16,0.00020620500026780064,7.135000259950175e-06,20
v6e,square,3072,3072,3072,int8,0.0001743200000419165,6.53000006423099e-06,20
v6e,square,4096,4096,4096,bf16,0.0003085599996666133,9.742499969433993e-06,20
v6e,square,4096,4096,4096,int8,0.0002374999999119609,8.952499456427176e-06,20
v6e,square,6144,6144,6144,bf16,0.0006997300001785334,8.1060004504252e-06,20
v6e,square,6144,6144,6144,int8,0.0004081050001332187,1.2917499589093495e-05,20
v6e,square,8192,8192,8192,bf16,0.0017214199997397372,1.2408250086082262e-05,20
v6e,square,8192,8192,8192,int8,0.000961740000093414,8.644999979878776e-06,20
v6e,square,12288,12288,12288,bf16,0.005116825000186509,1.9270750499345013e-05,20
v6e,square,12288,12288,12288,int8,0.003057980000448879,1.2980000292373006e-05,20
v6e,square,16384,16384,16384,bf16,0.012597685000400816,0.0003164757492868375,20
v6e,square,16384,16384,16384,int8,0.007012359999862383,1.5247749843183556e-05,20
v6e,tile_probe,255,4096,4096,bf16,0.0001481749995946302,3.7774996144435136e-06,20
v6e,tile_probe,255,4096,4096,int8,0.00013979999948787736,2.855000502677285e-06,20
v6e,tile_probe,256,4096,4096,bf16,0.00014920499961590394,3.1649994980398333e-06,20
v6e,tile_probe,256,4096,4096,int8,0.00014232000057745609,6.867499905638397e-06,20
v6e,tile_probe,257,4096,4096,bf16,0.00014856500001769746,7.167499916249653e-06,20
v6e,tile_probe,257,4096,4096,int8,0.00014357500003825407,1.224500033458753e-05,20
v6e,tile_probe,384,4096,4096,bf16,0.00015140500045163208,6.385000460795709e-06,20
v6e,tile_probe,384,4096,4096,int8,0.00014923499975338927,8.440250439889496e-06,20
v6e,tile_probe,511,4096,4096,bf16,0.00016506000019944622,7.374999768217094e-06,20
v6e,tile_probe,511,4096,4096,int8,0.00014938000003894558,9.947500757334637e-06,20
v6e,tile_probe,512,4096,4096,bf16,0.00016271999993477948,1.1310000672892784e-05,20
v6e,tile_probe,512,4096,4096,int8,0.00014955499955249252,1.0900000461333548e-05,20
v6e,tile_probe,513,4096,4096,bf16,0.00016189500001928536,3.6625001484935638e-06,20
v6e,tile_probe,513,4096,4096,int8,0.0001517599998805963,1.443749920326809e-05,20
v6e,tile_probe,640,4096,4096,bf16,0.00016513999980816152,1.2714999456875375e-05,20
v6e,tile_probe,640,4096,4096,int8,0.00015067499998622225,5.022749746785848e-06,20
v6e,tile_probe,1023,4096,4096,bf16,0.00018827000030796626,1.1417499990784563e-05,20
v6e,tile_probe,1023,4096,4096,int8,0.00016209499972319463,1.0227500297332881e-05,20
v6e,tile_probe,1024,4096,4096,bf16,0.00018565999971542624,3.6999999792897142e-06,20
v6e,tile_probe,1024,4096,4096,int8,0.00016190999986065435,8.047500614338787e-06,20
v6e,tile_probe,1025,4096,4096,bf16,0.0001871495001068979,8.495001111441525e-06,20
v6e,tile_probe,1025,4096,4096,int8,0.00016231499967034324,5.259999397821957e-06,20
v6e,tile_probe,1152,4096,4096,bf16,0.00018683500002225628,9.98499945126241e-06,20
v6e,tile_probe,1152,4096,4096,int8,0.00016303500024150708,7.95500000094762e-06,20
v6e,tile_probe,1920,4096,4096,bf16,0.0002212999997937004,9.022500307764858e-06,20
v6e,tile_probe,1920,4096,4096,int8,0.00019165999992765137,1.28132494410238e-05,20
v6e,tile_probe,2047,4096,4096,bf16,0.0002274549997309805,1.6197749573620968e-05,20
v6e,tile_probe,2047,4096,4096,int8,0.00018722999993769918,5.812500376123353e-06,20
v6e,tile_probe,2048,4096,4096,bf16,0.00022436499966715928,6.662500027232454e-06,20
v6e,tile_probe,2048,4096,4096,int8,0.00018434999992678058,3.947500090362155e-06,20
v6e,tile_probe,2049,4096,4096,bf16,0.00022371499971995945,3.82999996872968e-06,20
v6e,tile_probe,2049,4096,4096,int8,0.0001867399996626773,4.247500555720762e-06,20
v6e,tile_probe,4096,4096,255,bf16,0.000174925000010262,5.680000640495564e-06,20
v6e,tile_probe,4096,4096,255,int8,0.000172365000253194,3.730000116775045e-06,20
v6e,tile_probe,4096,4096,256,bf16,0.00017406000051778392,6.864999704703223e-06,20
v6e,tile_probe,4096,4096,256,int8,0.00017261500033782795,5.990000090605463e-06,20
v6e,tile_probe,4096,4096,257,bf16,0.00017540999988341355,7.362499673035927e-06,20
v6e,tile_probe,4096,4096,257,int8,0.00017569000010553282,1.5029999531179783e-05,20
v6e,tile_probe,4096,4096,384,bf16,0.00017949500033864751,6.740000571880955e-06,20
v6e,tile_probe,4096,4096,384,int8,0.00017303499998888583,3.5575001220422564e-06,20
v6e,tile_probe,4096,4096,511,bf16,0.00018034000049738097,7.247500207085977e-06,20
v6e,tile_probe,4096,4096,511,int8,0.00017327500017927377,2.9249993076518876e-06,20
v6e,tile_probe,4096,4096,512,bf16,0.0001842349997787096,6.15250110058696e-06,20
v6e,tile_probe,4096,4096,512,int8,0.00017402000003130524,5.0399999054207e-06,20
v6e,tile_probe,4096,4096,513,bf16,0.00018291000014869496,7.244999324029777e-06,20
v6e,tile_probe,4096,4096,513,int8,0.0001765900001373666,1.280250035051722e-05,20
v6e,tile_probe,4096,4096,640,bf16,0.0001844099997470039,9.174999831884634e-06,20
v6e,tile_probe,4096,4096,640,int8,0.00018056000044452958,1.6714999901523697e-05,20
v6e,tile_probe,4096,4096,1023,bf16,0.0001895300001706346,7.037500381557038e-06,20
v6e,tile_probe,4096,4096,1023,int8,0.00018057000033877557,1.7022500514940475e-05,20
v6e,tile_probe,4096,4096,1024,bf16,0.0001876400001492584,1.0467500032973476e-05,20
v6e,tile_probe,4096,4096,1024,int8,0.0001810650001061731,8.317500714838388e-06,20
v6e,tile_probe,4096,4096,1025,bf16,0.00019753500009755953,7.3100004556181375e-06,20
v6e,tile_probe,4096,4096,1025,int8,0.00017281000009461422,6.825000355092925e-06,20
v6e,tile_probe,4096,4096,1152,bf16,0.00018658999988474534,6.617500503125484e-06,20
v6e,tile_probe,4096,4096,1152,int8,0.00018815000021277228,5.190000592847355e-06,20
v6e,tile_probe,4096,4096,1920,bf16,0.0002305299999534327,1.901500036183279e-05,20
v6e,tile_probe,4096,4096,1920,int8,0.00019302999953652034,1.3195000065024942e-05,20
v6e,tile_probe,4096,4096,2047,bf16,0.0002262849998260208,7.515000788771431e-06,20
v6e,tile_probe,4096,4096,2047,int8,0.0001880599998003163,4.6674995246576145e-06,20
v6e,tile_probe,4096,4096,2048,bf16,0.0002272699998684402,1.1885000049005612e-05,20
v6e,tile_probe,4096,4096,2048,int8,0.00019716999986485462,1.713974916128791e-05,20
v6e,tile_probe,4096,4096,2049,bf16,0.00025011499974425533,5.690000307367882e-06,20
v6e,tile_probe,4096,4096,2049,int8,0.0002395250003246474,1.1892499514942756e-05,20
